id,date,number_of_shots,city_id,county_id,fatality,injury,suspect_mentally_ill
420,1/16/2013,,128,,1,1,f
592,4/2/2012,3,62,,1,0,t
102,4/17/2009,3,220,,0,1,f
862,2/12/2012,5,182,,1,0,f
179,4/11/2014,1,124,,1,0,t
654,2/13/2012,,83,,1,0,t
823,1/28/2011,,128,,0,1,t
344,5/26/2011,,105,,1,0,f
1135,11/6/2011,,124,,0,1,f
824,2/4/2011,,265,,1,0,t
710,5/14/2009,21,172,,1,0,t
1143,8/19/2009,2,46,,1,0,f
945,11/3/2012,,160,,1,0,t
1101,6/10/2013,,29,,0,1,f
176,7/5/2013,,124,,1,0,f
597,12/31/2010,,29,,0,1,f
110,8/19/2014,9,128,,1,2,f
1122,1/11/2014,,97,,0,1,f
453,12/18/2010,2,128,,0,1,
1019,10/20/2010,,382,,0,1,
226,5/2/2013,1,193,,0,1,t
514,12/12/2012,11,296,,0,1,f
502,9/24/2009,3,113,,0,2,f
1056,10/22/2013,4,46,,0,1,f
60,3/23/2009,6,52,,1,0,t
1118,9/5/2013,,29,,0,1,f
811,5/29/2010,,182,,1,0,f
963,10/29/2013,,29,,1,0,t
773,8/14/2011,,48,,0,1,f
598,10/23/2010,15,172,,1,0,t
602,8/4/2010,9,199,,1,0,f
922,8/31/2011,,23,,1,0,f
666,6/19/2010,43,318,,1,1,f
540,1/19/2010,4,113,,1,0,f
673,7/17/2009,8,186,,0,1,f
1017,6/27/2009,4,29,,1,0,t
61,4/5/2009,41,85,,0,1,t
830,2/14/2011,,128,,1,1,f
428,9/5/2012,100,128,,1,0,f
99,1/14/2011,1,113,,0,1,f
1089,6/10/2010,1,86,,0,1,f
987,3/16/2014,,83,,1,0,f
698,11/27/2011,,99,,0,1,f
563,10/12/2010,13,45,,0,1,f
231,8/8/2012,6,294,,1,0,f
177,5/8/2013,,235,,1,0,f
1134,5/3/2010,,46,,1,0,f
1124,3/9/2014,,29,,0,1,
474,7/8/2013,,195,,1,0,t
463,10/26/2010,,128,,1,0,f
764,12/8/2009,1,29,,0,1,f
1133,7/21/2011,,23,,1,0,t
147,7/12/2014,0,233,,1,0,t
22,12/31/2013,4,65,,0,1,t
797,1/5/2013,1,128,,0,1,t
917,6/30/2011,,29,,4,0,f
232,9/6/2014,14,151,,0,1,t
569,4/21/2009,35,198,,1,0,f
724,10/1/2010,1,197,,0,1,f
709,7/18/2009,4,113,,0,1,f
621,5/9/2010,3,239,,0,1,t
912,12/7/2014,,255,,1,0,f
807,10/15/2010,28,182,,1,0,f
87,5/18/2014,2,128,,0,1,f
720,4/19/2009,,97,,0,1,f
341,1/31/2011,2,24,,1,0,f
1132,12/7/2014,5,137,,0,1,f
183,12/14/2010,,243,,0,1,t
587,3/3/2014,,270,,1,0,t
725,12/3/2013,2,200,,0,1,t
539,12/26/2009,,146,,0,1,f
1131,11/15/2014,14,106,,0,1,f
808,6/15/2009,9,182,,1,0,f
79,1/9/2012,3,31,,0,1,f
270,12/20/2009,62,115,,1,2,f
889,5/8/2014,,186,,1,0,f
893,6/19/2014,,46,,1,0,f
196,5/31/2013,1,235,,0,1,t
194,8/3/2009,2,129,,1,0,t
271,10/24/2010,6,158,,0,1,f
205,3/10/2013,3,105,,1,0,t
795,1/17/2012,6,182,,0,1,f
168,7/6/2012,,124,,1,0,t
738,5/12/2012,,29,,1,0,f
778,3/22/2013,,157,,1,0,f
780,11/13/2011,3,182,,0,1,f
284,4/24/2010,,227,,1,0,t
115,4/1/2010,1,241,,1,0,f
1100,8/26/2012,6,,60,1,0,f
961,12/8/2013,,29,,1,0,f
929,10/25/2013,,105,,1,0,f
227,4/22/2012,3,111,,1,0,t
783,5/24/2011,,182,,1,1,f
211,11/1/2013,,37,,0,1,f
751,12/29/2011,5,46,,0,1,
923,9/2/2013,17,256,,1,0,f
1049,5/19/2014,,391,,1,0,f
793,3/11/2011,4,182,,0,1,f
144,4/13/2012,,58,,0,1,f
236,6/7/2011,15,31,,1,0,f
787,8/29/2014,10,128,,1,0,f
888,4/5/2012,,119,,0,1,f
779,2/16/2014,1,128,,1,0,f
682,5/15/2013,2,200,,0,1,f
809,4/10/2014,1,128,,0,1,f
1024,11/12/2011,1,18,,1,0,f
835,11/20/2009,1,182,,0,1,f
577,11/23/2014,1,26,,1,0,f
645,1/8/2012,3,186,,1,0,f
1081,2/4/2009,,109,,0,2,f
813,6/16/2013,,128,,1,0,f
345,7/12/2011,,24,,1,0,t
590,12/4/2011,1,109,,0,1,f
156,1/26/2011,4,237,,0,1,t
1073,1/12/2011,2,53,,1,0,f
874,2/11/2009,,119,,0,1,f
305,1/9/2009,,111,,0,1,f
614,11/22/2014,10,147,,1,0,f
580,8/15/2010,3,80,,0,1,t
125,12/26/2009,35,198,,1,0,f
467,11/25/2009,,128,,1,0,t
822,9/2/2012,14,128,,0,1,f
510,8/16/2011,6,10,,0,1,f
348,9/20/2011,,24,,0,1,t
730,5/8/2014,14,199,,1,0,f
1138,5/12/2014,11,58,,0,1,f
334,10/19/2012,,176,,0,1,f
323,1/4/2010,,24,,0,1,f
349,12/22/2011,1,24,,0,1,t
615,6/25/2010,14,31,,1,0,f
469,5/6/2009,6,128,,1,0,f
151,3/22/2009,15,31,,1,0,f
1145,7/29/2010,,46,,0,1,f
237,5/4/2009,1,198,,0,1,f
1043,7/22/2014,2,405,,1,0,f
829,6/29/2011,,128,,0,1,f
476,6/20/2012,3,195,,0,1,f
45,3/29/2011,20,169,,1,0,t
47,9/13/2010,1,90,,0,1,f
628,12/25/2011,5,312,,1,0,f
753,8/9/2011,,29,,0,2,f
570,1/20/2011,,29,,1,0,f
631,1/2/2014,,220,,1,0,f
169,9/1/2012,10,15,,1,0,f
1042,3/2/2010,2,58,,0,1,t
417,7/23/2013,,128,,0,1,f
70,4/3/2011,,171,,1,0,f
700,5/13/2014,,406,,0,1,t
1090,2/9/2010,,77,,0,1,
630,5/6/2014,2,168,,1,0,f
741,5/29/2014,13,195,,1,0,f
636,2/28/2014,,189,,1,0,t
701,12/13/2009,3,29,,1,0,f
606,9/30/2009,,121,,0,1,f
1063,2/8/2011,,29,,1,0,f
355,9/30/2012,,24,,0,1,f
670,9/6/2011,,189,,1,0,f
1029,12/16/2011,2,157,,1,0,f
120,1/21/2013,6,158,,0,1,t
640,2/8/2013,1,,49,0,1,f
322,5/17/2009,,24,,0,1,f
704,12/1/2011,4,195,,0,1,f
190,3/24/2010,6,228,,0,1,f
150,11/7/2009,7,234,,0,1,f
827,11/7/2009,,182,,0,1,f
834,8/12/2011,,128,,1,0,f
1046,9/26/2012,1,362,,1,0,f
608,1/4/2013,,29,,2,0,f
1001,5/1/2013,,110,,1,0,f
75,7/3/2012,,128,,0,1,f
512,7/5/2011,1,159,,0,1,f
155,6/24/2012,2,58,,1,0,t
394,7/5/2012,,105,,0,1,f
1040,10/10/2014,,157,,0,1,f
904,11/16/2014,4,362,,1,0,t
839,12/27/2014,21,182,,1,0,f
500,1/22/2013,3,113,,0,1,f
559,1/14/2010,11,236,,0,1,f
998,12/20/2009,1,53,,0,1,f
134,7/6/2012,1,219,,1,0,f
638,8/1/2009,1,29,,0,1,t
849,1/2/2014,7,182,,0,1,t
935,7/31/2012,,29,,1,0,f
891,11/27/2012,,73,,0,1,f
641,3/14/2014,1,235,,1,0,f
133,6/1/2014,,171,,0,1,f
873,10/26/2009,2,147,,0,1,f
850,10/27/2013,3,182,,1,0,f
306,10/18/2009,19,198,,1,0,f
567,8/9/2011,,198,,0,1,f
836,12/16/2011,29,128,,0,1,f
585,10/7/2011,1,97,,1,0,f
1087,12/4/2009,,124,,0,1,f
776,10/4/2012,11,53,,1,0,t
752,7/15/2011,8,86,,0,1,f
757,11/22/2010,,77,,0,1,f
525,7/3/2012,,189,,0,1,f
702,3/26/2012,,29,,0,1,f
758,12/4/2012,,331,,1,0,t
925,6/15/2014,4,195,,0,1,f
814,3/20/2010,,182,,0,1,f
1027,8/14/2011,1,179,,0,1,f
768,5/23/2012,15,106,,0,1,f
842,1/17/2013,,22,,0,1,f
659,5/31/2010,5,195,,0,1,t
653,8/22/2009,26,83,,0,1,f
588,5/2/2012,4,109,,0,1,f
831,10/1/2011,4,133,,0,1,f
519,11/10/2009,3,171,,0,1,f
1085,12/7/2012,,124,,0,2,f
990,2/5/2014,,378,,1,0,t
761,2/20/2009,2,329,,1,0,f
642,10/28/2014,9,316,,1,0,t
96,5/22/2014,,128,,0,1,t
620,4/25/2009,60,130,,0,1,t
739,6/20/2009,1,29,,1,0,f
644,4/4/2013,4,186,,0,1,f
649,12/20/2009,,153,,0,1,f
742,7/17/2013,,24,,0,1,f
921,5/30/2011,116,77,,1,4,f
662,12/24/2009,1,269,,1,0,f
215,6/19/2014,3,53,,0,1,f
300,8/3/2009,2,263,,1,0,f
612,8/5/2011,18,88,,1,0,f
717,2/8/2013,2,125,,0,1,f
841,11/24/2014,,182,,1,0,f
892,2/3/2009,,148,,0,1,f
65,10/5/2009,4,171,,0,1,t
100,4/15/2014,,25,,0,1,t
287,6/12/2012,32,53,,1,0,f
220,4/8/2014,9,151,,1,0,t
1074,12/19/2014,4,330,,0,1,f
763,5/28/2014,,269,,0,1,f
650,1/24/2010,,29,,0,1,f
95,3/9/2014,1,213,,1,0,f
756,5/30/2012,2,89,,0,1,f
844,6/4/2014,4,182,,1,0,f
746,2/25/2009,8,29,,1,0,f
316,3/5/2014,,60,,1,0,f
812,3/26/2010,42,182,,1,2,f
845,5/2/2014,3,182,,1,0,f
596,11/27/2014,1,24,,1,0,t
388,3/2/2014,3,178,,0,1,f
750,8/5/2014,3,111,,0,1,t
473,10/10/2013,3,195,,0,1,f
846,4/26/2014,,182,,0,1,f
173,9/5/2012,1,124,,0,1,f
28,3/8/2013,4,125,,1,0,t
225,2/10/2014,,138,,1,0,f
848,3/21/2014,,182,,1,0,f
770,4/28/2011,,207,,1,1,f
239,7/25/2012,5,45,,1,0,f
219,10/26/2013,1,45,,1,0,t
291,12/15/2012,,178,,1,0,f
901,11/22/2014,,195,,1,0,t
966,7/18/2013,,86,,1,0,f
733,4/22/2014,,102,,1,0,t
1071,8/27/2009,,97,,1,0,t
503,4/12/2012,6,113,,0,1,t
589,10/11/2011,,24,,0,1,f
603,6/16/2012,4,189,,1,0,f
317,2/16/2012,,268,,1,0,f
855,1/28/2013,7,182,,1,0,f
655,6/16/2013,,29,,1,0,f
664,5/21/2010,15,92,,0,2,f
994,6/2/2012,,157,,0,1,f
605,1/6/2011,,198,,0,1,f
311,10/25/2013,1,250,,1,0,t
83,2/3/2009,7,231,,1,0,t
851,7/9/2013,,182,,0,1,f
607,5/14/2013,1,270,,1,0,f
790,2/13/2009,,182,,0,1,f
246,3/23/2012,,178,,0,1,f
863,12/14/2009,7,182,,1,0,f
260,6/7/2014,1,111,,0,1,f
213,9/25/2013,9,71,,0,2,f
331,7/16/2013,,105,,1,0,f
726,11/22/2011,32,46,,1,0,f
771,6/24/2013,,115,,1,0,f
199,1/12/2012,,398,,1,0,f
637,9/6/2012,,186,,1,0,t
382,12/23/2013,6,105,,0,1,f
962,11/4/2013,33,97,,1,0,
509,9/25/2013,,187,,1,0,f
774,4/24/2012,,139,,0,1,f
257,10/26/2011,3,139,,0,1,f
198,2/11/2011,40,182,,1,0,f
890,1/20/2012,7,265,,1,0,f
806,1/17/2012,8,182,,1,0,f
1136,1/13/2010,,414,,0,1,f
222,6/8/2014,3,151,,0,1,t
170,5/17/2010,12,241,,1,0,t
857,6/24/2012,1,182,,0,1,t
718,3/2/2009,,97,,1,0,f
245,9/23/2013,5,105,,1,0,t
146,9/7/2014,2,33,,1,0,t
501,6/11/2012,4,113,,1,0,f
856,12/11/2012,7,182,,1,0,f
421,4/15/2013,20,105,,0,2,f
296,10/7/2011,,178,,0,1,f
651,5/15/2014,5,79,,1,0,f
195,3/8/2013,,247,,1,0,f
967,2/12/2011,1,109,,1,0,
882,11/5/2010,7,128,,1,0,f
858,5/31/2012,5,182,,1,0,f
820,4/30/2013,21,182,,1,0,f
652,7/15/2012,6,25,,1,0,f
861,3/19/2012,5,182,,0,1,f
157,8/28/2011,6,239,,1,0,t
975,12/24/2014,1,90,,1,0,t
910,12/14/2014,,,53,1,0,t
958,12/28/2013,2,197,,1,0,f
887,9/27/2012,,169,,1,0,f
792,3/17/2011,5,182,,1,0,f
1102,4/25/2013,,29,,0,1,f
403,12/9/2011,44,281,,1,0,f
869,5/6/2009,,128,,0,1,f
894,8/28/2014,,26,,1,0,f
865,10/30/2010,,128,,0,1,f
1051,2/2/2011,,,7,1,0,
93,1/3/2013,22,113,,0,1,f
875,1/5/2010,137,128,,1,0,f
872,8/2/2009,1,351,,0,1,f
826,4/1/2011,22,128,,1,0,f
777,1/2/2012,4,182,,0,1,f
1035,7/1/2012,,157,,0,1,f
983,7/8/2014,,374,,1,0,f
288,4/29/2012,1,176,,0,1,t
495,6/29/2011,5,135,,1,0,f
137,4/19/2010,1,33,,0,1,f
877,2/19/2010,1,100,,1,0,f
864,12/19/2009,3,182,,0,1,f
816,4/29/2013,,128,,1,0,f
878,4/9/2010,2,133,,1,0,f
661,3/31/2010,3,31,,1,0,f
818,8/22/2009,,182,,1,0,f
496,4/22/2011,3,24,,0,1,f
97,7/19/2014,29,128,,0,1,f
268,2/12/2009,3,241,,1,0,t
819,9/20/2009,1,182,,1,0,f
898,9/20/2014,,358,,1,0,f
1000,3/16/2009,2,77,,1,0,t
784,7/23/2014,,174,,0,1,f
1009,5/15/2009,,18,,1,0,f
999,11/19/2009,,117,,1,0,
800,3/15/2010,,222,,1,0,f
815,5/18/2011,,223,,0,1,f
959,12/24/2013,3,124,,1,0,f
1003,1/21/2009,1,179,,0,1,f
948,12/16/2010,24,29,,1,0,f
985,6/5/2014,,305,,1,0,f
833,9/10/2011,13,133,,1,0,f
1084,12/16/2012,,124,,0,1,f
491,7/5/2011,1,158,,1,0,t
289,2/1/2011,49,110,,2,0,f
256,7/29/2013,3,241,,1,0,f
1095,8/25/2011,,29,,0,1,f
665,4/28/2012,28,71,,0,2,f
295,1/26/2009,,178,,1,0,f
258,2/15/2009,5,178,,1,0,f
871,6/25/2009,3,128,,0,1,f
1033,9/13/2013,4,157,,0,1,f
667,5/28/2012,,29,,0,1,f
984,7/3/2014,9,198,,1,0,f
109,6/15/2013,,58,,1,0,f
1123,2/10/2014,,148,,0,1,f
249,7/4/2013,10,71,,0,1,f
791,3/29/2011,12,182,,1,0,t
113,9/29/2009,11,124,,1,0,f
346,8/24/2011,,24,,1,0,f
281,7/31/2013,2,178,,0,1,f
77,5/3/2013,,128,,1,1,f
1110,1/30/2013,,29,,0,1,f
537,11/24/2010,,128,,0,1,f
995,2/10/2012,,157,,1,0,f
903,11/18/2014,7,39,,1,0,t
916,4/4/2014,5,125,,1,0,t
210,3/20/2010,7,45,,1,0,f
1030,8/24/2011,,53,,0,2,f
253,6/21/2011,,105,,0,1,f
430,6/6/2012,,128,,0,1,f
635,11/22/2011,1,31,,0,1,f
117,5/9/2012,4,178,,1,0,f
678,3/26/2009,1,310,,0,1,f
581,8/9/2013,38,79,,1,0,t
907,12/31/2014,,29,,1,0,f
832,10/22/2011,4,128,,0,1,f
908,12/26/2014,,92,,1,0,f
122,9/11/2010,2,226,,1,0,f
880,10/30/2010,1,128,,0,1,f
978,10/27/2014,,46,,1,0,t
43,12/18/2013,6,84,,0,1,f
132,6/11/2011,1,128,,0,1,f
970,5/8/2013,,29,,1,0,f
307,6/11/2011,1,266,,1,0,f
914,8/12/2013,,152,,1,0,t
477,9/22/2011,,195,,0,1,f
859,5/9/2012,7,182,,1,0,f
221,4/27/2009,14,45,,0,1,f
924,5/12/2014,,195,,1,1,f
685,1/18/2009,,29,,1,0,f
336,4/29/2010,,24,,0,1,f
55,8/5/2009,1,197,,1,0,f
454,2/19/2012,,284,,0,1,t
112,8/5/2009,,124,,0,1,t
853,3/7/2013,8,182,,1,0,f
953,11/14/2009,,29,,1,0,f
366,9/4/2011,,24,,0,1,f
396,11/17/2010,2,105,,0,1,f
852,5/15/2013,3,182,,0,2,f
802,6/2/2009,,182,,1,0,f
1070,4/18/2011,,97,,1,0,f
1050,5/19/2010,,24,,1,0,t
782,2/5/2009,4,182,,1,0,f
1069,12/8/2013,,29,,1,0,f
90,12/16/2010,4,134,,1,1,f
318,12/13/2012,3,267,,0,1,t
1066,8/21/2011,3,29,,1,0,f
883,6/15/2014,6,28,,1,0,t
708,10/4/2011,,239,,1,0,t
312,3/10/2012,6,267,,1,0,t
233,9/27/2011,8,253,,0,1,f
319,11/10/2010,,267,,1,0,f
932,11/17/2013,,137,,1,0,f
884,12/4/2014,6,128,,1,0,t
957,6/18/2009,,29,,1,0,f
1065,8/12/2011,,29,,1,0,t
1064,12/3/2011,,29,,1,0,t
71,7/21/2011,15,128,,1,0,f
1061,11/25/2012,,408,,1,1,f
1060,11/27/2012,3,29,,1,0,f
129,4/20/2014,5,119,,0,1,f
455,11/21/2010,5,128,,0,1,f
931,11/18/2013,7,53,,1,0,t
1058,12/6/2011,,,49,1,1,f
933,5/17/2012,2,29,,1,0,f
905,11/11/2014,1,10,,1,0,t
106,11/6/2010,3,58,,0,1,f
973,1/1/2009,,29,,0,1,f
1096,6/25/2012,,46,,0,1,f
465,7/13/2010,1,128,,0,1,f
794,12/8/2014,3,128,,0,1,f
489,6/16/2010,15,189,,1,0,f
625,7/22/2012,,24,,1,0,t
192,7/8/2010,1,245,,1,0,f
298,2/10/2009,3,130,,0,1,t
242,7/11/2012,4,147,,1,0,t
672,3/7/2012,3,319,,1,0,f
533,1/24/2009,4,153,,0,1,f
683,2/28/2012,3,102,,1,0,t
425,1/15/2013,12,128,,0,1,f
216,6/13/2011,5,228,,1,0,f
1139,7/19/2011,1,101,,0,1,f
968,6/29/2013,,29,,1,0,f
1093,9/6/2010,,395,,0,2,f
520,11/23/2009,2,36,,1,0,t
632,6/25/2011,21,4,,1,0,f
971,5/4/2013,,29,,1,0,f
108,6/23/2011,2,58,,1,0,f
989,3/4/2014,,29,,1,0,t
906,11/3/2014,,23,,1,0,f
639,1/22/2011,,24,,1,0,t
1086,12/23/2011,1,124,,0,1,f
1055,10/27/2013,,46,,1,0,
352,1/20/2012,1,198,,0,1,f
671,3/15/2011,15,35,,1,0,f
1078,1/22/2012,6,239,,0,2,f
1140,1/3/2013,,46,,0,1,f
934,6/7/2012,2,53,,1,0,f
103,12/15/2012,11,221,,1,0,t
492,3/30/2010,,94,,0,1,f
745,6/8/2013,1,26,,1,0,f
57,10/28/2013,4,24,,0,1,t
389,7/3/2009,,111,,0,1,f
499,4/22/2013,,98,,1,0,f
668,2/25/2009,0,31,,0,1,t
996,3/5/2012,,157,,1,0,f
209,9/27/2010,13,45,,1,0,t
204,2/21/2013,1,151,,0,1,f
1054,9/7/2010,9,178,,1,0,f
680,10/6/2009,,62,,0,1,f
939,8/21/2012,4,124,,1,0,f
950,1/1/2011,,29,,1,0,f
785,4/18/2011,4,182,,0,1,f
1072,10/14/2011,,29,,1,0,f
238,11/4/2009,4,198,,0,1,t
1052,7/9/2014,2,415,,1,1,f
788,5/15/2009,,58,,1,0,t
1092,1/9/2010,1,178,,0,1,f
50,11/20/2013,,356,,1,0,t
310,10/17/2009,1,268,,1,0,t
217,12/27/2011,,115,,1,0,f
327,10/20/2009,40,113,,0,1,f
980,10/12/2014,,24,,1,0,f
1048,7/14/2010,5,407,,1,0,t
202,4/14/2012,25,151,,1,0,f
936,6/4/2012,,54,,1,0,f
1039,11/23/2013,,383,,0,1,f
1099,9/10/2012,15,8,,0,1,f
937,5/16/2012,4,369,,1,0,f
949,5/13/2011,,23,,1,0,t
913,1/9/2013,,35,,1,0,t
866,6/1/2009,10,128,,0,3,f
1130,11/2/2014,,29,,0,1,f
94,1/28/2012,1,218,,1,0,f
885,6/16/2009,1,139,,0,1,f
250,3/3/2014,,58,,1,0,t
714,7/30/2010,,29,,0,1,f
886,3/3/2013,,198,,1,0,t
32,5/28/2009,3,151,,1,0,t
201,1/30/2011,22,37,,1,0,f
660,1/13/2013,13,34,,1,0,t
876,2/17/2010,19,128,,1,0,f
1041,5/3/2014,4,117,,0,1,f
1038,4/20/2013,2,157,,1,0,f
1129,6/1/2014,,97,,0,1,f
140,9/7/2012,,109,,0,1,f
705,5/15/2010,,185,,0,1,f
101,4/27/2014,5,105,,0,1,f
1011,10/2/2009,2,157,,1,0,f
648,11/5/2010,13,80,,1,0,f
737,3/19/2011,1,195,,0,1,f
498,10/24/2009,4,133,,1,0,f
1002,1/18/2009,,120,,0,2,f
847,4/7/2014,14,182,,0,1,f
960,12/10/2013,,29,,2,0,f
943,9/21/2012,,109,,1,0,f
111,6/10/2013,30,128,,1,0,t
1008,3/20/2009,,117,,1,0,f
136,11/28/2010,3,30,,1,0,t
1037,7/31/2013,,157,,0,1,f
141,1/14/2014,4,106,,1,0,f
67,1/29/2010,,214,,1,0,t
293,3/16/2012,,110,,1,0,f
276,6/7/2013,2,215,,1,0,f
801,12/27/2010,,182,,1,0,f
715,7/28/2010,0,144,,0,1,f
1076,9/26/2011,4,256,,1,0,f
944,8/27/2013,,47,,1,1,f
881,11/7/2010,1,128,,1,0,f
1108,12/13/2013,,99,,0,1,t
1028,4/24/2011,1,139,,0,1,t
1020,9/9/2010,,53,,1,0,f
1005,3/3/2009,7,90,,1,0,t
1014,7/6/2009,1,29,,1,0,f
1023,3/23/2010,3,139,,1,0,t
1015,11/13/2009,1,82,,0,1,f
840,12/24/2014,8,182,,0,1,f
896,8/23/2014,9,157,,1,0,f
92,4/1/2012,5,171,,0,1,t
66,7/31/2010,7,213,,1,0,f
821,9/24/2009,,182,,1,0,f
1047,10/10/2011,1,124,,1,0,
504,4/16/2010,2,16,,1,0,f
1032,12/13/2012,5,157,,1,0,f
364,5/27/2014,,24,,1,0,f
505,8/19/2010,6,113,,0,1,f
854,2/19/2013,11,182,,1,0,f
699,2/7/2013,,106,,0,2,f
240,4/28/2013,3,105,,1,0,t
340,9/14/2010,2,24,,0,1,f
475,1/31/2013,,195,,0,1,f
1045,4/11/2010,,387,,2,0,t
696,3/8/2012,6,83,,0,1,f
48,1/20/2014,4,208,,1,0,t
52,7/19/2012,9,207,,1,0,t
946,11/2/2012,,309,,1,0,f
897,9/30/2014,,206,,1,0,t
1116,8/6/2013,,84,,0,1,t
165,1/2/2013,,193,,1,0,f
247,6/28/2012,,294,,1,0,f
1026,10/25/2011,,117,,1,0,t
899,9/20/2014,4,71,,1,0,f
283,4/24/2014,,227,,0,1,f
365,10/17/2013,,256,,1,0,f
1083,7/17/2009,,109,,0,1,t
254,11/26/2010,3,105,,0,1,f
145,10/29/2010,,124,,0,2,
1025,11/1/2011,,117,,0,1,f
1068,6/8/2011,,29,,1,0,f
902,11/20/2014,,195,,1,0,t
353,6/6/2009,,198,,0,1,f
951,8/11/2010,,29,,1,0,f
1111,2/11/2013,,162,,0,1,f
1088,8/20/2009,1,124,,0,1,f
272,9/30/2009,1,113,,0,1,f
1021,7/20/2010,,125,,0,1,t
1128,6/2/2014,4,267,,0,1,f
135,5/16/2014,,45,,1,0,t
955,8/14/2010,39,29,,1,0,f
248,5/24/2013,29,37,,0,1,f
1016,7/13/2009,5,29,,1,0,f
1062,10/2/2012,,29,,1,0,f
947,10/10/2011,,29,,1,0,f
392,3/8/2013,,105,,0,1,f
909,12/22/2014,31,31,,1,0,t
1127,5/16/2014,,29,,0,1,f
703,9/14/2010,,328,,1,0,t
1112,4/14/2013,,29,,0,1,f
1013,4/27/2011,3,29,,0,1,f
972,8/24/2012,,29,,0,2,f
762,10/11/2013,10,31,,0,1,f
143,8/8/2010,2,50,,0,1,f
688,4/14/2010,2,144,,0,1,f
918,5/26/2012,5,29,,1,0,t
515,1/12/2009,2,,34,1,0,t
1094,4/4/2009,,92,,0,1,f
1126,4/15/2009,1,109,,0,1,f
954,7/5/2010,1,29,,1,0,f
152,1/12/2011,,124,,0,1,f
91,5/28/2011,,217,,0,1,t
584,4/25/2011,,270,,0,1,t
952,8/20/2010,,29,,1,0,f
471,6/14/2009,,77,,1,0,f
911,12/11/2014,,13,,1,0,t
49,1/4/2010,5,86,,1,0,t
393,11/6/2012,,105,,1,0,f
1044,9/30/2010,,385,,1,0,f
956,2/10/2011,3,29,,1,1,f
1120,9/23/2013,,29,,0,1,f
721,2/17/2011,22,79,,1,0,f
843,7/1/2014,7,182,,1,0,t
54,5/4/2011,3,208,,0,1,f
940,8/14/2012,,29,,1,0,f
521,10/22/2013,2,36,,1,0,t
711,6/14/2009,2,160,,1,0,t
805,6/12/2009,3,182,,0,1,f
244,3/19/2014,,255,,0,1,f
1004,1/25/2009,5,157,,1,0,f
561,10/22/2012,1,304,,0,1,f
163,10/28/2009,39,238,,1,0,t
182,4/18/2009,,151,,1,0,f
404,4/14/2011,3,281,,1,0,f
572,1/16/2010,9,195,,0,1,f
915,4/7/2014,1,157,,1,0,t
982,9/27/2014,,121,,1,0,f
405,7/18/2010,,225,,1,0,t
1057,2/18/2012,,46,,1,0,t
986,5/21/2014,,128,,1,0,f
681,7/2/2009,3,58,,0,1,t
919,3/13/2013,,29,,1,0,f
647,1/20/2010,8,84,,1,0,f
178,7/27/2013,15,242,,0,1,f
1018,4/9/2010,4,157,,1,0,f
1077,10/21/2013,5,239,,0,2,f
395,1/24/2011,,105,,1,0,f
98,4/11/2010,,92,,1,0,t
172,6/28/2011,,209,,1,0,f
677,8/27/2013,3,310,,0,1,f
1012,10/5/2011,11,86,,0,1,f
526,2/13/2013,,189,,1,0,t
965,7/31/2013,3,47,,1,0,f
1010,7/18/2009,,179,,0,1,
1125,4/13/2014,,29,,0,1,f
164,6/28/2012,3,400,,1,0,f
297,10/26/2011,4,261,,0,1,f
273,3/11/2009,,105,,0,1,f
529,9/4/2009,4,300,,1,0,f
1031,3/14/2011,1,383,,0,1,f
941,8/9/2012,,121,,1,0,f
1082,9/1/2009,,23,,0,1,t
1007,3/9/2009,6,,41,1,0,f
734,1/7/2014,2,25,,1,0,t
264,3/10/2009,,258,,0,1,f
89,3/15/2012,9,31,,1,0,f
997,4/6/2012,,13,,1,0,f
241,7/18/2012,5,26,,1,0,f
974,12/29/2014,18,151,,1,0,f
879,4/15/2010,,119,,0,1,f
1080,3/17/2009,,,30,0,1,f
325,2/5/2010,,24,,0,1,f
223,3/2/2009,8,45,,1,0,t
1006,3/9/2009,,157,,1,1,f
729,9/26/2012,2,24,,1,0,t
85,11/26/2013,3,128,,1,0,f
993,8/12/2014,1,120,,0,1,f
1079,4/21/2009,3,24,,0,1,t
234,12/23/2012,6,45,,0,1,t
58,5/7/2013,4,25,,1,0,f
1067,9/22/2010,,29,,1,0,f
786,2/8/2009,1,182,,1,0,f
84,9/28/2009,,231,,1,0,f
629,11/3/2010,5,83,,0,1,f
149,12/16/2012,,45,,1,0,f
992,5/8/2013,10,18,,0,1,t
781,2/5/2009,,182,,1,0,f
154,8/2/2010,,232,,1,0,f
218,12/11/2013,,151,,1,0,f
622,7/27/2010,1,220,,0,1,f
1121,11/18/2013,7,128,,0,1,f
511,1/8/2009,13,159,,1,0,f
1144,10/5/2011,,46,,0,2,f
689,1/22/2014,1,126,,0,1,t
599,12/3/2010,5,83,,1,0,f
991,2/4/2014,2,90,,1,0,t
775,1/4/2009,,182,,0,1,f
360,10/20/2012,,232,,1,0,t
736,4/5/2011,,29,,1,0,f
920,3/29/2014,5,125,,0,1,f
988,3/11/2014,7,,32,1,0,f
713,7/23/2012,,29,,1,0,f
766,12/19/2012,16,106,,1,0,f
1119,9/19/2013,5,83,,0,1,f
224,8/13/2014,9,342,,1,0,t
1106,9/23/2014,,308,,0,1,f
926,1/8/2013,9,117,,1,0,
228,1/5/2014,31,113,,1,0,f
399,2/10/2009,,105,,1,0,f
583,4/8/2009,,308,,1,0,f
1097,4/29/2012,,256,,0,1,f
397,12/26/2009,5,105,,1,0,f
927,1/9/2013,,24,,1,0,f
1115,6/15/2013,,29,,1,0,f
582,4/18/2009,,150,,0,2,f
59,2/23/2012,4,211,,0,1,t
251,7/25/2011,,209,,0,1,t
825,4/20/2011,,128,,0,1,f
1022,6/8/2010,,125,,0,1,f
657,2/4/2009,,29,,1,1,f
1109,1/17/2013,,29,,0,1,f
27,10/20/2013,8,125,,1,0,f
1107,7/26/2014,9,190,,0,1,f
431,2/19/2012,,128,,0,1,f
51,4/1/2013,2,86,,1,0,t
686,8/4/2012,4,92,,0,1,f
575,8/21/2012,3,235,,1,0,f
687,4/1/2011,1,149,,0,1,t
1104,12/2/2014,3,96,,0,1,f
772,10/10/2010,6,18,,0,1,f
1141,2/8/2013,1,46,,0,1,f
439,7/11/2011,,128,,0,1,f
928,7/27/2013,,46,,1,0,t
118,1/4/2013,,178,,1,0,f
817,1/13/2012,2,128,,1,0,f
167,4/20/2012,3,124,,0,1,f
979,10/24/2014,,149,,1,0,
42,6/14/2012,,206,,0,1,f
44,12/30/2010,1,86,,1,0,t
930,10/18/2013,,53,,0,1,f
690,7/8/2009,3,83,,0,1,t
350,7/22/2012,,24,,1,0,f
571,4/13/2011,2,270,,0,1,t
691,10/20/2011,,220,,0,1,f
1103,6/10/2014,7,31,,0,1,t
860,4/5/2012,4,182,,1,0,f
601,7/1/2014,4,166,,1,0,f
716,3/13/2014,1,186,,0,1,f
1053,9/29/2011,8,178,,1,0,f
692,11/20/2011,1,84,,0,1,f
938,7/15/2012,,29,,1,0,f
442,5/6/2011,3,128,,0,1,f
870,6/17/2009,12,128,,1,0,f
804,12/21/2010,8,182,,0,1,f
326,4/20/2010,,24,,0,1,f
230,4/29/2011,15,206,,1,0,t
447,4/23/2011,,128,,0,1,f
1137,7/16/2011,,58,,0,1,f
693,12/30/2010,4,47,,0,1,f
361,9/6/2013,,,11,1,0,f
362,1/9/2014,2,24,,0,1,t
174,1/27/2013,13,124,,1,0,f
261,12/24/2013,,115,,0,1,f
942,8/28/2012,,300,,1,0,f
728,2/27/2013,2,232,,0,1,t
981,10/20/2014,2,171,,1,0,f
591,1/10/2012,15,83,,1,0,f
669,1/8/2011,17,,2,1,0,f
181,5/10/2014,3,124,,0,1,f
487,9/18/2013,1,228,,1,0,f
964,10/26/2013,12,157,,1,0,f
208,9/7/2013,58,105,,1,0,t
1036,8/17/2013,4,53,,0,1,t
